{
  "n_probes": 10,
  "pearson_r": 1.0,
  "max_abs_diff": 0.0,
  "passes_gate": true,
  "run1_values": [
    -1.5001894728342693,
    -1.5613041297594705,
    -1.398605507214864,
    -1.6606754811604818,
    -1.4641387391090392,
    -1.4691262515385946,
    -1.5089886641502381,
    -1.5536223220825196,
    -1.4891833209991454,
    -1.44817684729894
  ],
  "run2_values": [
    -1.5001894728342693,
    -1.5613041297594705,
    -1.398605507214864,
    -1.6606754811604818,
    -1.4641387391090392,
    -1.4691262515385946,
    -1.5089886641502381,
    -1.5536223220825196,
    -1.4891833209991454,
    -1.44817684729894
  ]
}