{
  "n_probes": 10,
  "pearson_r": 1.0,
  "max_abs_diff": 0.0,
  "passes_gate": true,
  "run1_values": [
    -1.1935563445091248,
    -1.1719348494211832,
    -1.253822824160258,
    -1.3007248838742573,
    -1.0408950035025677,
    -1.3570446554819744,
    -1.1919731442133585,
    -1.2062843743960063,
    -1.2850375779469807,
    -1.2515432278315226
  ],
  "run2_values": [
    -1.1935563445091248,
    -1.1719348494211832,
    -1.253822824160258,
    -1.3007248838742573,
    -1.0408950035025677,
    -1.3570446554819744,
    -1.1919731442133585,
    -1.2062843743960063,
    -1.2850375779469807,
    -1.2515432278315226
  ]
}