{
  "n_probes": 10,
  "pearson_r": 1.0,
  "max_abs_diff": 0.0,
  "passes_gate": true,
  "run1_values": [
    -1.3654478200276692,
    -1.2803738498687744,
    -1.3113298082351685,
    -1.4214229377110799,
    -1.4183320879936219,
    -1.3868704096476236,
    -1.206086393594742,
    -1.2606603908538818,
    -1.477858888308207,
    -1.454836536248525
  ],
  "run2_values": [
    -1.3654478200276692,
    -1.2803738498687744,
    -1.3113298082351685,
    -1.4214229377110799,
    -1.4183320879936219,
    -1.3868704096476236,
    -1.206086393594742,
    -1.2606603908538818,
    -1.477858888308207,
    -1.454836536248525
  ]
}