{
  "n_probes": 10,
  "pearson_r": 1.0,
  "max_abs_diff": 0.0,
  "passes_gate": true,
  "run1_values": [
    -1.3500526666641235,
    -1.2480616490046184,
    -1.3615260171890258,
    -1.3619970830281576,
    -1.4244185574849446,
    -1.379948043823242,
    -1.2776347332199414,
    -1.3380284714698791,
    -1.6102090485890705,
    -1.7198559125264485
  ],
  "run2_values": [
    -1.3500526666641235,
    -1.2480616490046184,
    -1.3615260171890258,
    -1.3619970830281576,
    -1.4244185574849446,
    -1.379948043823242,
    -1.2776347332199414,
    -1.3380284714698791,
    -1.6102090485890705,
    -1.7198559125264485
  ]
}