{
  "n_probes": 10,
  "pearson_r": 1.0,
  "max_abs_diff": 0.0,
  "passes_gate": true,
  "run1_values": [
    -1.2852856667836507,
    -1.1889892244338989,
    -1.258227876027425,
    -1.2830332215627034,
    -1.059295280923446,
    -1.3627198680241903,
    -1.1946735898653666,
    -1.2050942095120747,
    -1.2839361023902893,
    -1.308359785079956
  ],
  "run2_values": [
    -1.2852856667836507,
    -1.1889892244338989,
    -1.258227876027425,
    -1.2830332215627034,
    -1.059295280923446,
    -1.3627198680241903,
    -1.1946735898653666,
    -1.2050942095120747,
    -1.2839361023902893,
    -1.308359785079956
  ]
}