{
  "n_probes": 10,
  "pearson_r": 1.0,
  "max_abs_diff": 0.0,
  "passes_gate": true,
  "run1_values": [
    -1.292637412548065,
    -1.192023016611735,
    -1.2618582892417907,
    -1.2701440779368083,
    -1.0577687630057335,
    -1.382838483651479,
    -1.161649810473124,
    -1.2374654801686604,
    -1.3281175216039023,
    -1.2924601316452027
  ],
  "run2_values": [
    -1.292637412548065,
    -1.192023016611735,
    -1.2618582892417907,
    -1.2701440779368083,
    -1.0577687630057335,
    -1.382838483651479,
    -1.161649810473124,
    -1.2374654801686604,
    -1.3281175216039023,
    -1.2924601316452027
  ]
}