{
  "n_probes": 10,
  "pearson_r": 1.0,
  "max_abs_diff": 0.0,
  "passes_gate": true,
  "run1_values": [
    -1.4553061103820801,
    -1.3152439260482789,
    -1.46383798122406,
    -1.520123573144277,
    -1.4324799927075704,
    -1.4878786516189575,
    -1.3742719367643197,
    -1.3388436738650005,
    -1.5838050373395285,
    -1.5418075974782308
  ],
  "run2_values": [
    -1.4553061103820801,
    -1.3152439260482789,
    -1.46383798122406,
    -1.520123573144277,
    -1.4324799927075704,
    -1.4878786516189575,
    -1.3742719367643197,
    -1.3388436738650005,
    -1.5838050373395285,
    -1.5418075974782308
  ]
}