{
  "n_probes": 10,
  "pearson_r": 1.0,
  "max_abs_diff": 0.0,
  "passes_gate": true,
  "run1_values": [
    -1.4324205859502157,
    -2.244338838259379,
    -1.3414592361450195,
    -1.5879285303751627,
    -1.591977341969808,
    -1.3992014106114705,
    -1.5904269448916117,
    -1.9083110213279724,
    -1.511871444384257,
    -1.6088954170544942
  ],
  "run2_values": [
    -1.4324205859502157,
    -2.244338838259379,
    -1.3414592361450195,
    -1.5879285303751627,
    -1.591977341969808,
    -1.3992014106114705,
    -1.5904269448916117,
    -1.9083110213279724,
    -1.511871444384257,
    -1.6088954170544942
  ]
}