{
  "n_probes": 10,
  "pearson_r": 1.0,
  "max_abs_diff": 0.0,
  "passes_gate": true,
  "run1_values": [
    -1.3058767930666606,
    -1.1623472050825754,
    -1.2341576886177064,
    -1.2685703627268474,
    -1.068393015594532,
    -1.3673971239725748,
    -1.1864422003428141,
    -1.189688286781311,
    -1.263589322566986,
    -1.305196615854899
  ],
  "run2_values": [
    -1.3058767930666606,
    -1.1623472050825754,
    -1.2341576886177064,
    -1.2685703627268474,
    -1.068393015594532,
    -1.3673971239725748,
    -1.1864422003428141,
    -1.189688286781311,
    -1.263589322566986,
    -1.305196615854899
  ]
}