{
  "n_probes": 10,
  "pearson_r": 1.0,
  "max_abs_diff": 0.0,
  "passes_gate": true,
  "run1_values": [
    -1.27279288371404,
    -1.2692066327730815,
    -1.435202796459198,
    -1.2994923647244772,
    -1.0801319930454094,
    -1.4625826088587444,
    -1.165330827832222,
    -1.2941900595029194,
    -1.4281084378560385,
    -1.4223694483439127
  ],
  "run2_values": [
    -1.27279288371404,
    -1.2692066327730815,
    -1.435202796459198,
    -1.2994923647244772,
    -1.0801319930454094,
    -1.4625826088587444,
    -1.165330827832222,
    -1.2941900595029194,
    -1.4281084378560385,
    -1.4223694483439127
  ]
}