{
  "n_probes": 10,
  "pearson_r": 1.0,
  "max_abs_diff": 0.0,
  "passes_gate": true,
  "run1_values": [
    -1.2524344793955484,
    -1.1759439198176067,
    -1.2574430807431538,
    -1.3013569752375285,
    -1.0773630914092065,
    -1.3882699871063233,
    -1.183611385822296,
    -1.2080585153897603,
    -1.3064713637034098,
    -1.326625199317932
  ],
  "run2_values": [
    -1.2524344793955484,
    -1.1759439198176067,
    -1.2574430807431538,
    -1.3013569752375285,
    -1.0773630914092065,
    -1.3882699871063233,
    -1.183611385822296,
    -1.2080585153897603,
    -1.3064713637034098,
    -1.326625199317932
  ]
}