{
  "n_probes": 10,
  "pearson_r": 1.0,
  "max_abs_diff": 0.0,
  "passes_gate": true,
  "run1_values": [
    -1.250443459028999,
    -0.9362725081263731,
    -1.2884933238228162,
    -1.3126879330476124,
    -1.1320743666465083,
    -1.3505492683251699,
    -1.2237845016519229,
    -1.2364371771613756,
    -1.2935216748714446,
    -1.055703400671482
  ],
  "run2_values": [
    -1.250443459028999,
    -0.9362725081263731,
    -1.2884933238228162,
    -1.3126879330476124,
    -1.1320743666465083,
    -1.3505492683251699,
    -1.2237845016519229,
    -1.2364371771613756,
    -1.2935216748714446,
    -1.055703400671482
  ]
}