{
  "n_probes": 10,
  "pearson_r": 1.0,
  "max_abs_diff": 0.0,
  "passes_gate": true,
  "run1_values": [
    -1.3838636285066606,
    -1.3898916109402975,
    -1.3230851112802824,
    -1.3711736259857814,
    -1.380602200826009,
    -1.3737618684768678,
    -1.3613228044907253,
    -1.3775404731432597,
    -1.3789551774660747,
    -1.4090346384048462
  ],
  "run2_values": [
    -1.3838636285066606,
    -1.3898916109402975,
    -1.3230851112802824,
    -1.3711736259857814,
    -1.380602200826009,
    -1.3737618684768678,
    -1.3613228044907253,
    -1.3775404731432597,
    -1.3789551774660747,
    -1.4090346384048462
  ]
}