{
  "n_probes": 10,
  "pearson_r": 1.0,
  "max_abs_diff": 0.0,
  "passes_gate": true,
  "run1_values": [
    -1.4027578751246135,
    -1.415099510351817,
    -1.355453264315923,
    -1.4524786253770192,
    -1.4442029545704524,
    -1.382965595324834,
    -1.4204176682233811,
    -1.4554480556646983,
    -1.4490220510959626,
    -1.3979718899726867
  ],
  "run2_values": [
    -1.4027578751246135,
    -1.415099510351817,
    -1.355453264315923,
    -1.4524786253770192,
    -1.4442029545704524,
    -1.382965595324834,
    -1.4204176682233811,
    -1.4554480556646983,
    -1.4490220510959626,
    -1.3979718899726867
  ]
}