{
  "n_probes": 10,
  "pearson_r": 1.0,
  "max_abs_diff": 0.0,
  "passes_gate": true,
  "run1_values": [
    -1.4026196140050888,
    -1.4137976849079132,
    -1.355360136826833,
    -1.4513102066516876,
    -1.443326763312022,
    -1.3831648868322373,
    -1.4182267955938974,
    -1.4535163899262746,
    -1.4478963549931845,
    -1.3977309554815291
  ],
  "run2_values": [
    -1.4026196140050888,
    -1.4137976849079132,
    -1.355360136826833,
    -1.4513102066516876,
    -1.443326763312022,
    -1.3831648868322373,
    -1.4182267955938974,
    -1.4535163899262746,
    -1.4478963549931845,
    -1.3977309554815291
  ]
}