{
  "n_probes": 10,
  "pearson_r": 1.0,
  "max_abs_diff": 0.0,
  "passes_gate": true,
  "run1_values": [
    -1.2426221811026334,
    -0.883304861735863,
    -1.2890539694329102,
    -1.3152454419930777,
    -1.1187873081366222,
    -1.3459713910023372,
    -1.2202394007146358,
    -1.2364551257093748,
    -1.3000107540686925,
    -1.0541833527215445
  ],
  "run2_values": [
    -1.2426221811026334,
    -0.883304861735863,
    -1.2890539694329102,
    -1.3152454419930777,
    -1.1187873081366222,
    -1.3459713910023372,
    -1.2202394007146358,
    -1.2364551257093748,
    -1.3000107540686925,
    -1.0541833527215445
  ]
}