{
  "n_probes": 10,
  "pearson_r": 1.0,
  "max_abs_diff": 0.0,
  "passes_gate": true,
  "run1_values": [
    -1.3892918807268142,
    -1.4224728461106617,
    -1.3719331479072572,
    -1.409462290008863,
    -1.4023601766427358,
    -1.3773812222480775,
    -1.4293410221735636,
    -1.4200901448726655,
    -1.439847265879313,
    -1.3817550373077392
  ],
  "run2_values": [
    -1.3892918807268142,
    -1.4224728461106617,
    -1.3719331479072572,
    -1.409462290008863,
    -1.4023601766427358,
    -1.3773812222480775,
    -1.4293410221735636,
    -1.4200901448726655,
    -1.439847265879313,
    -1.3817550373077392
  ]
}