{
  "n_probes": 10,
  "pearson_r": 1.0,
  "max_abs_diff": 0.0,
  "passes_gate": true,
  "run1_values": [
    -1.2407722085465986,
    -0.7844600626958224,
    -1.2720674747228622,
    -1.3106528522570928,
    -1.1002130221109838,
    -1.35268045882384,
    -1.2226595611870288,
    -1.2339769024650256,
    -1.2852103713651497,
    -1.0435845270426944
  ],
  "run2_values": [
    -1.2407722085465986,
    -0.7844600626958224,
    -1.2720674747228622,
    -1.3106528522570928,
    -1.1002130221109838,
    -1.35268045882384,
    -1.2226595611870288,
    -1.2339769024650256,
    -1.2852103713651497,
    -1.0435845270426944
  ]
}