{
  "n_probes": 10,
  "pearson_r": 1.0,
  "max_abs_diff": 0.0,
  "passes_gate": true,
  "run1_values": [
    -1.342094387213389,
    -1.3011292187372843,
    -1.3613542715708415,
    -1.3215344341595967,
    -1.3697642254829407,
    -1.4077695274353028,
    -1.2467129425207775,
    -1.2668697102864583,
    -1.4079101713498434,
    -1.3652752836545308
  ],
  "run2_values": [
    -1.342094387213389,
    -1.3011292187372843,
    -1.3613542715708415,
    -1.3215344341595967,
    -1.3697642254829407,
    -1.4077695274353028,
    -1.2467129425207775,
    -1.2668697102864583,
    -1.4079101713498434,
    -1.3652752836545308
  ]
}