{
  "n_probes": 10,
  "pearson_r": 1.0,
  "max_abs_diff": 0.0,
  "passes_gate": true,
  "run1_values": [
    -1.3074980465571087,
    -1.2801821088790895,
    -1.2932830611864725,
    -1.3119190907478333,
    -1.285519025325775,
    -1.35705775419871,
    -1.245828940073649,
    -1.2562154785792032,
    -1.3686085240046184,
    -1.3176960714658101
  ],
  "run2_values": [
    -1.3074980465571087,
    -1.2801821088790895,
    -1.2932830611864725,
    -1.3119190907478333,
    -1.285519025325775,
    -1.35705775419871,
    -1.245828940073649,
    -1.2562154785792032,
    -1.3686085240046184,
    -1.3176960714658101
  ]
}