{
  "n_probes": 10,
  "pearson_r": 1.0,
  "max_abs_diff": 0.0,
  "passes_gate": true,
  "run1_values": [
    -1.306624767780304,
    -1.276509132385254,
    -1.2913099559148153,
    -1.3101492198308309,
    -1.3389229679107666,
    -1.3623778971036276,
    -1.2373719024658203,
    -1.2561497688293457,
    -1.3602421919504801,
    -1.3241608723004659
  ],
  "run2_values": [
    -1.306624767780304,
    -1.276509132385254,
    -1.2913099559148153,
    -1.3101492198308309,
    -1.3389229679107666,
    -1.3623778971036276,
    -1.2373719024658203,
    -1.2561497688293457,
    -1.3602421919504801,
    -1.3241608723004659
  ]
}