{
  "n_probes": 10,
  "pearson_r": 1.0,
  "max_abs_diff": 0.0,
  "passes_gate": true,
  "run1_values": [
    -1.3144334332148233,
    -1.2691738216082256,
    -1.2925523519515991,
    -1.3060638872782389,
    -1.337335583368937,
    -1.3568218247095745,
    -1.2467928024133046,
    -1.2523956712086994,
    -1.3613974984486898,
    -1.3178364340464275
  ],
  "run2_values": [
    -1.3144334332148233,
    -1.2691738216082256,
    -1.2925523519515991,
    -1.3060638872782389,
    -1.337335583368937,
    -1.3568218247095745,
    -1.2467928024133046,
    -1.2523956712086994,
    -1.3613974984486898,
    -1.3178364340464275
  ]
}