{
  "n_probes": 10,
  "pearson_r": 1.0,
  "max_abs_diff": 0.0,
  "passes_gate": true,
  "run1_values": [
    -1.30252032438914,
    -1.269597958723704,
    -1.2860768787066141,
    -1.3066277591387432,
    -1.21702006538709,
    -1.3564682539304098,
    -1.2455662433306376,
    -1.2542754316329956,
    -1.3655283641815186,
    -1.323030637105306
  ],
  "run2_values": [
    -1.30252032438914,
    -1.269597958723704,
    -1.2860768787066141,
    -1.3066277591387432,
    -1.21702006538709,
    -1.3564682539304098,
    -1.2455662433306376,
    -1.2542754316329956,
    -1.3655283641815186,
    -1.323030637105306
  ]
}