{
  "n_probes": 10,
  "pearson_r": 1.0,
  "max_abs_diff": 0.0,
  "passes_gate": true,
  "run1_values": [
    -1.2893324208259582,
    -1.261750391324361,
    -1.2652231510480245,
    -1.3101116665204366,
    -1.2001812882224718,
    -1.3502539459864298,
    -1.239580249786377,
    -1.2510486737887065,
    -1.3596019156773884,
    -1.3213510052363078
  ],
  "run2_values": [
    -1.2893324208259582,
    -1.261750391324361,
    -1.2652231510480245,
    -1.3101116665204366,
    -1.2001812882224718,
    -1.3502539459864298,
    -1.239580249786377,
    -1.2510486737887065,
    -1.3596019156773884,
    -1.3213510052363078
  ]
}