{
  "n_probes": 10,
  "pearson_r": 1.0,
  "max_abs_diff": 0.0,
  "passes_gate": true,
  "run1_values": [
    -1.4430229025085768,
    -1.36896836767594,
    -1.4057816070814928,
    -1.390385385453701,
    -1.4209253324071567,
    -1.4252650830646356,
    -1.3487941734492779,
    -1.337127843350172,
    -1.4404975928862889,
    -1.4433903780579567
  ],
  "run2_values": [
    -1.4430229025085768,
    -1.36896836767594,
    -1.4057816070814928,
    -1.390385385453701,
    -1.4209253324071567,
    -1.4252650830646356,
    -1.3487941734492779,
    -1.337127843350172,
    -1.4404975928862889,
    -1.4433903780579567
  ]
}