{
  "n_probes": 10,
  "pearson_r": 1.0,
  "max_abs_diff": 0.0,
  "passes_gate": true,
  "run1_values": [
    -2.335971197631637,
    -2.2196425914252904,
    -2.376129486036322,
    -3.1130540455497493,
    -1.7603772469316512,
    -3.4658476018564155,
    -2.7750955227539333,
    -2.1208633584042156,
    -2.7375144835346146,
    -3.1949992287607407
  ],
  "run2_values": [
    -2.335971197631637,
    -2.2196425914252904,
    -2.376129486036322,
    -3.1130540455497493,
    -1.7603772469316512,
    -3.4658476018564155,
    -2.7750955227539333,
    -2.1208633584042156,
    -2.7375144835346146,
    -3.1949992287607407
  ]
}