{
  "n_probes": 10,
  "pearson_r": 1.0,
  "max_abs_diff": 0.0,
  "passes_gate": true,
  "run1_values": [
    -1.3308896606663863,
    -1.2789317059516907,
    -1.3410229355096817,
    -1.3313329774141311,
    -1.3639022534092267,
    -1.3772971816857655,
    -1.2557472337782383,
    -1.2711356711387634,
    -1.3714109490315118,
    -1.3809775110085805
  ],
  "run2_values": [
    -1.3308896606663863,
    -1.2789317059516907,
    -1.3410229355096817,
    -1.3313329774141311,
    -1.3639022534092267,
    -1.3772971816857655,
    -1.2557472337782383,
    -1.2711356711387634,
    -1.3714109490315118,
    -1.3809775110085805
  ]
}