{
  "n_probes": 10,
  "pearson_r": 1.0,
  "max_abs_diff": 0.0,
  "passes_gate": true,
  "run1_values": [
    -1.2478132051229478,
    -1.2360732417802016,
    -1.2518582450350126,
    -1.3375691109895707,
    -1.3727012572685877,
    -1.3436698707938195,
    -1.217797670563062,
    -1.260451929271221,
    -1.3697338709235192,
    -1.3254771513740222
  ],
  "run2_values": [
    -1.2478132051229478,
    -1.2360732417802016,
    -1.2518582450350126,
    -1.3375691109895707,
    -1.3727012572685877,
    -1.3436698707938195,
    -1.217797670563062,
    -1.260451929271221,
    -1.3697338709235192,
    -1.3254771513740222
  ]
}