{
  "n_probes": 10,
  "pearson_r": 1.0,
  "max_abs_diff": 0.0,
  "passes_gate": true,
  "run1_values": [
    -1.3140278599659603,
    -1.2109402347604434,
    -1.2052927747368813,
    -1.3307244730989138,
    -1.3613277560472488,
    -1.3405672005812328,
    -1.209104052533706,
    -1.288333069284757,
    -1.3682016601165137,
    -1.351571522951126
  ],
  "run2_values": [
    -1.3140278599659603,
    -1.2109402347604434,
    -1.2052927747368813,
    -1.3307244730989138,
    -1.3613277560472488,
    -1.3405672005812328,
    -1.209104052533706,
    -1.288333069284757,
    -1.3682016601165137,
    -1.351571522951126
  ]
}