{
  "n_probes": 10,
  "pearson_r": 1.0,
  "max_abs_diff": 0.0,
  "passes_gate": true,
  "run1_values": [
    -1.1922663259506225,
    -0.9264288280407588,
    -1.28323238213857,
    -1.3142999458312987,
    -1.1266400535404681,
    -1.346907827059428,
    -1.2247636270523072,
    -1.2335009129842123,
    -1.2868088817596435,
    -1.0878298040727774
  ],
  "run2_values": [
    -1.1922663259506225,
    -0.9264288280407588,
    -1.28323238213857,
    -1.3142999458312987,
    -1.1266400535404681,
    -1.346907827059428,
    -1.2247636270523072,
    -1.2335009129842123,
    -1.2868088817596435,
    -1.0878298040727774
  ]
}