{
  "n_probes": 10,
  "pearson_r": 1.0,
  "max_abs_diff": 0.0,
  "passes_gate": true,
  "run1_values": [
    -2.071367800780572,
    -1.9815741356516567,
    -2.439800909855403,
    -1.7975775973203902,
    -2.1053482529854715,
    -2.449602778434249,
    -1.9737592191559572,
    -1.8162723496727025,
    -2.2503086924242477,
    -2.161270412852367
  ],
  "run2_values": [
    -2.071367800780572,
    -1.9815741356516567,
    -2.439800909855403,
    -1.7975775973203902,
    -2.1053482529854715,
    -2.449602778434249,
    -1.9737592191559572,
    -1.8162723496727025,
    -2.2503086924242477,
    -2.161270412852367
  ]
}