{
  "n_probes": 10,
  "pearson_r": 1.0,
  "max_abs_diff": 0.0,
  "passes_gate": true,
  "run1_values": [
    -1.167415832678477,
    -0.9554386780659357,
    -1.2553545745213825,
    -1.2788827498753865,
    -1.1118005342781543,
    -1.329674900372823,
    -1.1977134561538696,
    -1.2139605808258056,
    -1.2811518796284993,
    -1.0894224659601848
  ],
  "run2_values": [
    -1.167415832678477,
    -0.9554386780659357,
    -1.2553545745213825,
    -1.2788827498753865,
    -1.1118005342781543,
    -1.329674900372823,
    -1.1977134561538696,
    -1.2139605808258056,
    -1.2811518796284993,
    -1.0894224659601848
  ]
}