{
  "n_probes": 10,
  "pearson_r": 1.0,
  "max_abs_diff": 0.0,
  "passes_gate": true,
  "run1_values": [
    -1.2306292470296223,
    -1.1408328731854758,
    -1.2639789493878681,
    -1.2796496947606404,
    -1.1832064466675123,
    -1.33180517355601,
    -1.2073525476455689,
    -1.2151549609502157,
    -1.2865118885040283,
    -1.3177102963129679
  ],
  "run2_values": [
    -1.2306292470296223,
    -1.1408328731854758,
    -1.2639789493878681,
    -1.2796496947606404,
    -1.1832064466675123,
    -1.33180517355601,
    -1.2073525476455689,
    -1.2151549609502157,
    -1.2865118885040283,
    -1.3177102963129679
  ]
}