{
  "n_probes": 10,
  "pearson_r": 1.0,
  "max_abs_diff": 0.0,
  "passes_gate": true,
  "run1_values": [
    -1.2661442597707113,
    -1.151381409962972,
    -1.2647741222381592,
    -1.310896487236023,
    -1.190203776061535,
    -1.366079961458842,
    -1.215401349067688,
    -1.2381406132380168,
    -1.2934043629964194,
    -1.3323407141367594
  ],
  "run2_values": [
    -1.2661442597707113,
    -1.151381409962972,
    -1.2647741222381592,
    -1.310896487236023,
    -1.190203776061535,
    -1.366079961458842,
    -1.215401349067688,
    -1.2381406132380168,
    -1.2934043629964194,
    -1.3323407141367594
  ]
}