{
  "n_probes": 10,
  "pearson_r": 1.0,
  "max_abs_diff": 0.0,
  "passes_gate": true,
  "run1_values": [
    -1.3749212654555838,
    -1.4316564283147455,
    -1.61249064181,
    -1.7073622637987136,
    -1.3170598644390703,
    -1.5596702029556035,
    -1.5093144814732173,
    -1.4817196996385853,
    -1.5297453433771928,
    -1.5569071543837587
  ],
  "run2_values": [
    -1.3749212654555838,
    -1.4316564283147455,
    -1.61249064181,
    -1.7073622637987136,
    -1.3170598644390703,
    -1.5596702029556035,
    -1.5093144814732173,
    -1.4817196996385853,
    -1.5297453433771928,
    -1.5569071543837587
  ]
}