{
  "n_probes": 10,
  "pearson_r": 1.0,
  "max_abs_diff": 0.0,
  "passes_gate": true,
  "run1_values": [
    -1.3868165667851766,
    -1.2971797545750936,
    -1.3328422419230144,
    -1.369973349571228,
    -1.3848394950230916,
    -1.393123256365458,
    -1.2680104128519694,
    -1.3420966402689616,
    -1.4300133991241455,
    -1.4423611338933309
  ],
  "run2_values": [
    -1.3868165667851766,
    -1.2971797545750936,
    -1.3328422419230144,
    -1.369973349571228,
    -1.3848394950230916,
    -1.393123256365458,
    -1.2680104128519694,
    -1.3420966402689616,
    -1.4300133991241455,
    -1.4423611338933309
  ]
}