{
  "n_probes": 10,
  "pearson_r": 1.0,
  "max_abs_diff": 0.0,
  "passes_gate": true,
  "run1_values": [
    -1.4054701407750447,
    -1.393985883394877,
    -1.4851545667648316,
    -1.4358624680836996,
    -1.4439844592412312,
    -1.4863086287180582,
    -1.2659164269765217,
    -1.33335307598114,
    -1.4149042892456054,
    -1.4480046367645263
  ],
  "run2_values": [
    -1.4054701407750447,
    -1.393985883394877,
    -1.4851545667648316,
    -1.4358624680836996,
    -1.4439844592412312,
    -1.4863086287180582,
    -1.2659164269765217,
    -1.33335307598114,
    -1.4149042892456054,
    -1.4480046367645263
  ]
}