{
  "n_probes": 10,
  "pearson_r": 1.0,
  "max_abs_diff": 0.0,
  "passes_gate": true,
  "run1_values": [
    -1.3809700520833332,
    -1.2844075520833333,
    -1.36986328125,
    -1.3828059895833333,
    -1.3796354166666667,
    -1.3959114583333334,
    -1.3093619791666666,
    -1.2836458333333334,
    -1.4032096354166668,
    -1.4007096354166666
  ],
  "run2_values": [
    -1.3809700520833332,
    -1.2844075520833333,
    -1.36986328125,
    -1.3828059895833333,
    -1.3796354166666667,
    -1.3959114583333334,
    -1.3093619791666666,
    -1.2836458333333334,
    -1.4032096354166668,
    -1.4007096354166666
  ]
}