{
  "n_probes": 10,
  "pearson_r": 1.0,
  "max_abs_diff": 0.0,
  "passes_gate": true,
  "run1_values": [
    -1.3737955729166667,
    -1.2942903645833332,
    -1.3927018229166668,
    -1.36876953125,
    -1.3965299479166666,
    -1.3912955729166667,
    -1.3087337239583334,
    -1.328974609375,
    -1.3945182291666667,
    -1.4000390625
  ],
  "run2_values": [
    -1.3737955729166667,
    -1.2942903645833332,
    -1.3927018229166668,
    -1.36876953125,
    -1.3965299479166666,
    -1.3912955729166667,
    -1.3087337239583334,
    -1.328974609375,
    -1.3945182291666667,
    -1.4000390625
  ]
}