{
  "n_probes": 10,
  "pearson_r": 1.0,
  "max_abs_diff": 0.0,
  "passes_gate": true,
  "run1_values": [
    -1.3575130208333333,
    -1.2807096354166667,
    -1.38626953125,
    -1.3630598958333333,
    -1.3716080729166666,
    -1.4050260416666667,
    -1.2938932291666667,
    -1.2983919270833333,
    -1.4155729166666666,
    -1.3902994791666667
  ],
  "run2_values": [
    -1.3575130208333333,
    -1.2807096354166667,
    -1.38626953125,
    -1.3630598958333333,
    -1.3716080729166666,
    -1.4050260416666667,
    -1.2938932291666667,
    -1.2983919270833333,
    -1.4155729166666666,
    -1.3902994791666667
  ]
}