{
  "n_probes": 10,
  "pearson_r": 1.0,
  "max_abs_diff": 0.0,
  "passes_gate": true,
  "run1_values": [
    -1.2653665399551393,
    -1.22872035185496,
    -1.2794023474057516,
    -1.3164663632710776,
    -1.082628008921941,
    -1.36119140625,
    -1.2281077686945598,
    -1.2510952695210775,
    -1.2628936386108398,
    -1.3870163774490356
  ],
  "run2_values": [
    -1.2653665399551393,
    -1.22872035185496,
    -1.2794023474057516,
    -1.3164663632710776,
    -1.082628008921941,
    -1.36119140625,
    -1.2281077686945598,
    -1.2510952695210775,
    -1.2628936386108398,
    -1.3870163774490356
  ]
}