{
  "n_probes": 10,
  "pearson_r": 1.0,
  "max_abs_diff": 0.0,
  "passes_gate": true,
  "run1_values": [
    -1.3357519721984863,
    -1.3390901549657186,
    -1.3270716301600138,
    -1.338120354016622,
    -1.289899549484253,
    -1.3970932070414226,
    -1.2518719704945882,
    -1.2940318648020426,
    -1.3861790243784586,
    -1.3524591096242269
  ],
  "run2_values": [
    -1.3357519721984863,
    -1.3390901549657186,
    -1.3270716301600138,
    -1.338120354016622,
    -1.289899549484253,
    -1.3970932070414226,
    -1.2518719704945882,
    -1.2940318648020426,
    -1.3861790243784586,
    -1.3524591096242269
  ]
}