{
  "n_probes": 10,
  "pearson_r": 1.0,
  "max_abs_diff": 0.0,
  "passes_gate": true,
  "run1_values": [
    -1.0043880208333333,
    -0.763154296875,
    -1.343125,
    -1.3552083333333333,
    -1.1055729166666666,
    -1.4033333333333333,
    -1.21265625,
    -1.265625,
    -1.2919791666666667,
    -1.047568359375
  ],
  "run2_values": [
    -1.0043880208333333,
    -0.763154296875,
    -1.343125,
    -1.3552083333333333,
    -1.1055729166666666,
    -1.4033333333333333,
    -1.21265625,
    -1.265625,
    -1.2919791666666667,
    -1.047568359375
  ]
}