{
  "n_probes": 10,
  "pearson_r": 1.0,
  "max_abs_diff": 0.0,
  "passes_gate": true,
  "run1_values": [
    -1.1877083333333334,
    -1.1478645833333334,
    -1.2927083333333333,
    -1.3332291666666667,
    -1.130029296875,
    -1.3545833333333333,
    -1.24078125,
    -1.2640625,
    -1.3096875,
    -1.0747135416666667
  ],
  "run2_values": [
    -1.1877083333333334,
    -1.1478645833333334,
    -1.2927083333333333,
    -1.3332291666666667,
    -1.130029296875,
    -1.3545833333333333,
    -1.24078125,
    -1.2640625,
    -1.3096875,
    -1.0747135416666667
  ]
}