{
  "n_probes": 10,
  "pearson_r": 1.0,
  "max_abs_diff": 0.0,
  "passes_gate": true,
  "run1_values": [
    -1.299375,
    -1.1849479166666668,
    -1.2933333333333332,
    -1.3230208333333333,
    -1.1870279947916667,
    -1.3635416666666667,
    -1.2369791666666667,
    -1.2467708333333334,
    -1.3269791666666666,
    -1.3448958333333334
  ],
  "run2_values": [
    -1.299375,
    -1.1849479166666668,
    -1.2933333333333332,
    -1.3230208333333333,
    -1.1870279947916667,
    -1.3635416666666667,
    -1.2369791666666667,
    -1.2467708333333334,
    -1.3269791666666666,
    -1.3448958333333334
  ]
}