{
  "n_probes": 10,
  "pearson_r": 1.0,
  "max_abs_diff": 0.0,
  "passes_gate": true,
  "run1_values": [
    -1.3942154916127523,
    -1.4748810331026714,
    -1.2966968774795533,
    -1.4677068948745728,
    -1.3565179848670958,
    -1.5205999437967936,
    -1.3497106885910035,
    -1.3456128311157227,
    -1.567866849899292,
    -1.4229472414652506
  ],
  "run2_values": [
    -1.3942154916127523,
    -1.4748810331026714,
    -1.2966968774795533,
    -1.4677068948745728,
    -1.3565179848670958,
    -1.5205999437967936,
    -1.3497106885910035,
    -1.3456128311157227,
    -1.567866849899292,
    -1.4229472414652506
  ]
}