{
  "n_probes": 10,
  "pearson_r": 1.0,
  "max_abs_diff": 0.0,
  "passes_gate": true,
  "run1_values": [
    -1.2221114973227183,
    -1.1557646023730437,
    -1.1928206918140252,
    -1.2593685907125474,
    -1.1426347327480713,
    -1.3408180652062098,
    -1.2089678078889847,
    -1.1871450868993998,
    -1.2674444495141506,
    -1.313959334095319
  ],
  "run2_values": [
    -1.2221114973227183,
    -1.1557646023730437,
    -1.1928206918140252,
    -1.2593685907125474,
    -1.1426347327480713,
    -1.3408180652062098,
    -1.2089678078889847,
    -1.1871450868993998,
    -1.2674444495141506,
    -1.313959334095319
  ]
}