{
  "n_probes": 10,
  "pearson_r": 1.0,
  "max_abs_diff": 0.0,
  "passes_gate": true,
  "run1_values": [
    -1.2500574119885763,
    -1.6327219820022583,
    -1.2814619278907775,
    -1.9305505434672037,
    -1.6461484328905742,
    -1.520081515312195,
    -1.576635341644287,
    -1.6434325456619263,
    -1.78011133035024,
    -1.8366357421875
  ],
  "run2_values": [
    -1.2500574119885763,
    -1.6327219820022583,
    -1.2814619278907775,
    -1.9305505434672037,
    -1.6461484328905742,
    -1.520081515312195,
    -1.576635341644287,
    -1.6434325456619263,
    -1.78011133035024,
    -1.8366357421875
  ]
}