{
  "n_probes": 10,
  "pearson_r": 1.0,
  "max_abs_diff": 0.0,
  "passes_gate": true,
  "run1_values": [
    -1.1935084088395038,
    -1.1089344883958498,
    -1.167770739880701,
    -1.2816753040254116,
    -1.0156895819182197,
    -1.344828684926033,
    -1.1908506222317616,
    -1.2391935317715008,
    -1.3219195434451103,
    -1.3208267482866844
  ],
  "run2_values": [
    -1.1935084088395038,
    -1.1089344883958498,
    -1.167770739880701,
    -1.2816753040254116,
    -1.0156895819182197,
    -1.344828684926033,
    -1.1908506222317616,
    -1.2391935317715008,
    -1.3219195434451103,
    -1.3208267482866844
  ]
}