{
  "n_probes": 10,
  "pearson_r": 1.0,
  "max_abs_diff": 0.0,
  "passes_gate": true,
  "run1_values": [
    -1.2064535448451836,
    -1.089285784959793,
    -1.1849069537222385,
    -1.2578776347637177,
    -1.0664505118131637,
    -1.3292769412199656,
    -1.1865610325833162,
    -1.1765228742857774,
    -1.2330004296203454,
    -1.3071282671888669
  ],
  "run2_values": [
    -1.2064535448451836,
    -1.089285784959793,
    -1.1849069537222385,
    -1.2578776347637177,
    -1.0664505118131637,
    -1.3292769412199656,
    -1.1865610325833162,
    -1.1765228742857774,
    -1.2330004296203454,
    -1.3071282671888669
  ]
}