{
  "n_probes": 10,
  "pearson_r": 1.0,
  "max_abs_diff": 0.0,
  "passes_gate": true,
  "run1_values": [
    -1.4899616495768229,
    -1.351458677450816,
    -1.371862629254659,
    -1.4284816654523214,
    -1.4813223926226298,
    -1.4356499552726745,
    -1.3374271233876547,
    -1.4706718262036642,
    -1.492772348721822,
    -1.417885848681132
  ],
  "run2_values": [
    -1.4899616495768229,
    -1.351458677450816,
    -1.371862629254659,
    -1.4284816654523214,
    -1.4813223926226298,
    -1.4356499552726745,
    -1.3374271233876547,
    -1.4706718262036642,
    -1.492772348721822,
    -1.417885848681132
  ]
}