{
  "n_probes": 10,
  "pearson_r": 1.0,
  "max_abs_diff": 0.0,
  "passes_gate": true,
  "run1_values": [
    -1.2160779014229774,
    -1.2097744554281236,
    -1.208565586109956,
    -1.3019741119941075,
    -1.232813935354352,
    -1.3331855275233586,
    -1.216329069584608,
    -1.2193115050594012,
    -1.3566397670904795,
    -1.318546518087387
  ],
  "run2_values": [
    -1.2160779014229774,
    -1.2097744554281236,
    -1.208565586109956,
    -1.3019741119941075,
    -1.232813935354352,
    -1.3331855275233586,
    -1.216329069584608,
    -1.2193115050594012,
    -1.3566397670904795,
    -1.318546518087387
  ]
}