{
  "n_probes": 10,
  "pearson_r": 1.0,
  "max_abs_diff": 0.0,
  "passes_gate": true,
  "run1_values": [
    -1.1911040996511777,
    -1.1704962529242038,
    -1.1860867809752624,
    -1.2784784670670828,
    -1.0733972561607759,
    -1.3389607908328374,
    -1.2089152908325196,
    -1.203099590688944,
    -1.2894507257143657,
    -1.317455816368262
  ],
  "run2_values": [
    -1.1911040996511777,
    -1.1704962529242038,
    -1.1860867809752624,
    -1.2784784670670828,
    -1.0733972561607759,
    -1.3389607908328374,
    -1.2089152908325196,
    -1.203099590688944,
    -1.2894507257143657,
    -1.317455816368262
  ]
}