{
  "n_probes": 10,
  "pearson_r": 1.0,
  "max_abs_diff": 0.0,
  "passes_gate": true,
  "run1_values": [
    -1.2187232078115144,
    -1.1782232985893886,
    -1.1711721805731456,
    -1.2743344378471375,
    -1.2552391534547012,
    -1.3367659121751785,
    -1.224078130920728,
    -1.200766423344612,
    -1.3089382002254326,
    -1.327281369169553
  ],
  "run2_values": [
    -1.2187232078115144,
    -1.1782232985893886,
    -1.1711721805731456,
    -1.2743344378471375,
    -1.2552391534547012,
    -1.3367659121751785,
    -1.224078130920728,
    -1.200766423344612,
    -1.3089382002254326,
    -1.327281369169553
  ]
}