{
  "n_probes": 10,
  "pearson_r": 1.0,
  "max_abs_diff": 0.0,
  "passes_gate": true,
  "run1_values": [
    -1.2327466223140557,
    -1.1868032111724218,
    -1.1633570421735446,
    -1.2471999065081278,
    -1.2623367304851612,
    -1.3517100327213605,
    -1.2149948558211328,
    -1.2330061974128088,
    -1.3685803939898809,
    -1.3290639559427897
  ],
  "run2_values": [
    -1.2327466223140557,
    -1.1868032111724218,
    -1.1633570421735446,
    -1.2471999065081278,
    -1.2623367304851612,
    -1.3517100327213605,
    -1.2149948558211328,
    -1.2330061974128088,
    -1.3685803939898809,
    -1.3290639559427897
  ]
}