{
  "n_probes": 10,
  "pearson_r": 1.0,
  "max_abs_diff": 0.0,
  "passes_gate": true,
  "run1_values": [
    -1.184265109822154,
    -1.160712032566468,
    -1.184191618685921,
    -1.263551351626714,
    -1.0877272844935457,
    -1.3317600824435551,
    -1.1858946794768175,
    -1.2029609242081643,
    -1.2643413532773653,
    -1.3206443029642105
  ],
  "run2_values": [
    -1.184265109822154,
    -1.160712032566468,
    -1.184191618685921,
    -1.263551351626714,
    -1.0877272844935457,
    -1.3317600824435551,
    -1.1858946794768175,
    -1.2029609242081643,
    -1.2643413532773653,
    -1.3206443029642105
  ]
}