{
  "n_probes": 10,
  "pearson_r": 1.0,
  "max_abs_diff": 0.0,
  "passes_gate": true,
  "run1_values": [
    -1.3678641653060912,
    -1.3836668554941813,
    -1.288366958697637,
    -1.4079630168279011,
    -1.3968234395980834,
    -1.4298150698343912,
    -1.3239641626675924,
    -1.3893179965019227,
    -1.4833109760284424,
    -1.4301139688491822
  ],
  "run2_values": [
    -1.3678641653060912,
    -1.3836668554941813,
    -1.288366958697637,
    -1.4079630168279011,
    -1.3968234395980834,
    -1.4298150698343912,
    -1.3239641626675924,
    -1.3893179965019227,
    -1.4833109760284424,
    -1.4301139688491822
  ]
}