{
  "n_probes": 10,
  "pearson_r": 1.0,
  "max_abs_diff": 0.0,
  "passes_gate": true,
  "run1_values": [
    -1.3542549832661948,
    -1.297604554494222,
    -1.264896155198415,
    -1.363105279604594,
    -1.3666012684504192,
    -1.3906569687525432,
    -1.2516915273666382,
    -1.2988414001464843,
    -1.4451555840174357,
    -1.3333475716908774
  ],
  "run2_values": [
    -1.3542549832661948,
    -1.297604554494222,
    -1.264896155198415,
    -1.363105279604594,
    -1.3666012684504192,
    -1.3906569687525432,
    -1.2516915273666382,
    -1.2988414001464843,
    -1.4451555840174357,
    -1.3333475716908774
  ]
}