{
  "n_probes": 10,
  "pearson_r": 1.0,
  "max_abs_diff": 0.0,
  "passes_gate": true,
  "run1_values": [
    -1.7081572341918945,
    -1.6403537289301555,
    -1.6834391363461811,
    -1.6486732165018718,
    -1.7938059361775716,
    -1.8334595521291097,
    -1.565195123354594,
    -1.6946532011032105,
    -1.652536424001058,
    -1.7715727059046427
  ],
  "run2_values": [
    -1.7081572341918945,
    -1.6403537289301555,
    -1.6834391363461811,
    -1.6486732165018718,
    -1.7938059361775716,
    -1.8334595521291097,
    -1.565195123354594,
    -1.6946532011032105,
    -1.652536424001058,
    -1.7715727059046427
  ]
}