{
  "n_probes": 10,
  "pearson_r": 1.0,
  "max_abs_diff": 0.0,
  "passes_gate": true,
  "run1_values": [
    -1.3369851938883464,
    -1.3275022109349568,
    -1.2867192077636718,
    -1.3806103817621866,
    -1.2346239765485127,
    -1.416600832939148,
    -1.2547416265805562,
    -1.336439666748047,
    -1.4224159002304078,
    -1.3919135824839275
  ],
  "run2_values": [
    -1.3369851938883464,
    -1.3275022109349568,
    -1.2867192077636718,
    -1.3806103817621866,
    -1.2346239765485127,
    -1.416600832939148,
    -1.2547416265805562,
    -1.336439666748047,
    -1.4224159002304078,
    -1.3919135824839275
  ]
}