{
  "n_probes": 10,
  "pearson_r": 1.0,
  "max_abs_diff": 0.0,
  "passes_gate": true,
  "run1_values": [
    -1.5091925350824993,
    -1.3825307083129883,
    -1.452494190533956,
    -1.5367739693323772,
    -1.4791291602452596,
    -1.5011309226353964,
    -1.4079303216934205,
    -1.503192548751831,
    -1.5584963210423788,
    -1.4860604349772135
  ],
  "run2_values": [
    -1.5091925350824993,
    -1.3825307083129883,
    -1.452494190533956,
    -1.5367739693323772,
    -1.4791291602452596,
    -1.5011309226353964,
    -1.4079303216934205,
    -1.503192548751831,
    -1.5584963210423788,
    -1.4860604349772135
  ]
}