{
  "n_probes": 10,
  "pearson_r": 1.0,
  "max_abs_diff": 0.0,
  "passes_gate": true,
  "run1_values": [
    -1.5642426840464274,
    -1.3876170794169107,
    -1.4891121478875478,
    -1.513998299042384,
    -1.7292548549175262,
    -1.5044211308161417,
    -1.3446838158369063,
    -1.407835009098053,
    -1.540775420665741,
    -1.4815247976779937
  ],
  "run2_values": [
    -1.5642426840464274,
    -1.3876170794169107,
    -1.4891121478875478,
    -1.513998299042384,
    -1.7292548549175262,
    -1.5044211308161417,
    -1.3446838158369063,
    -1.407835009098053,
    -1.540775420665741,
    -1.4815247976779937
  ]
}