{
  "n_probes": 10,
  "pearson_r": 1.0,
  "max_abs_diff": 0.0,
  "passes_gate": true,
  "run1_values": [
    -1.324842046101888,
    -1.2987029393513998,
    -1.3217435892422993,
    -1.4018617566426594,
    -1.2076468052466711,
    -1.4290109570821126,
    -1.2266938722133636,
    -1.3222188186645507,
    -1.4617324988047282,
    -1.4109588448206585
  ],
  "run2_values": [
    -1.324842046101888,
    -1.2987029393513998,
    -1.3217435892422993,
    -1.4018617566426594,
    -1.2076468052466711,
    -1.4290109570821126,
    -1.2266938722133636,
    -1.3222188186645507,
    -1.4617324988047282,
    -1.4109588448206585
  ]
}