{
  "n_probes": 10,
  "pearson_r": 1.0,
  "max_abs_diff": 0.0,
  "passes_gate": true,
  "run1_values": [
    -1.207508132259051,
    -1.149279278020064,
    -1.1619309752682845,
    -1.2311542510986329,
    -1.0531732788557808,
    -1.3056288353602092,
    -1.1829693459967772,
    -1.2069332519173621,
    -1.2317335212230682,
    -1.2296577787895997
  ],
  "run2_values": [
    -1.207508132259051,
    -1.149279278020064,
    -1.1619309752682845,
    -1.2311542510986329,
    -1.0531732788557808,
    -1.3056288353602092,
    -1.1829693459967772,
    -1.2069332519173621,
    -1.2317335212230682,
    -1.2296577787895997
  ]
}