{
  "n_probes": 10,
  "pearson_r": 1.0,
  "max_abs_diff": 0.0,
  "passes_gate": true,
  "run1_values": [
    -1.2351262464125952,
    -1.16842774361372,
    -1.2225317283471426,
    -1.2644302539030712,
    -1.0761015623683732,
    -1.3132866499821345,
    -1.1953770697116852,
    -1.2106807457407316,
    -1.2188100429375965,
    -1.188468302289645
  ],
  "run2_values": [
    -1.2351262464125952,
    -1.16842774361372,
    -1.2225317283471426,
    -1.2644302539030712,
    -1.0761015623683732,
    -1.3132866499821345,
    -1.1953770697116852,
    -1.2106807457407316,
    -1.2188100429375965,
    -1.188468302289645
  ]
}