{
  "n_probes": 10,
  "pearson_r": 1.0,
  "max_abs_diff": 0.0,
  "passes_gate": true,
  "run1_values": [
    -1.1892659163475037,
    -1.1345948822299639,
    -1.181384620020787,
    -1.2343795653184255,
    -1.0332802443454663,
    -1.3087925579150517,
    -1.1745144215226173,
    -1.191439418097337,
    -1.2238629108667374,
    -1.1813483776152134
  ],
  "run2_values": [
    -1.1892659163475037,
    -1.1345948822299639,
    -1.181384620020787,
    -1.2343795653184255,
    -1.0332802443454663,
    -1.3087925579150517,
    -1.1745144215226173,
    -1.191439418097337,
    -1.2238629108667374,
    -1.1813483776152134
  ]
}