{
  "n_probes": 10,
  "pearson_r": 1.0,
  "max_abs_diff": 0.0,
  "passes_gate": true,
  "run1_values": [
    -1.2478220444917678,
    -1.1801672774553298,
    -1.22395814490815,
    -1.2507056031624477,
    -1.087708998111387,
    -1.322386863430341,
    -1.218277111152808,
    -1.186958451171716,
    -1.2808339202404022,
    -1.33707357386748
  ],
  "run2_values": [
    -1.2478220444917678,
    -1.1801672774553298,
    -1.22395814490815,
    -1.2507056031624477,
    -1.087708998111387,
    -1.322386863430341,
    -1.218277111152808,
    -1.186958451171716,
    -1.2808339202404022,
    -1.33707357386748
  ]
}