{
  "n_probes": 10,
  "pearson_r": 1.0,
  "max_abs_diff": 0.0,
  "passes_gate": true,
  "run1_values": [
    -1.248106033007304,
    -1.1988700925310454,
    -1.2129764380057653,
    -1.2549679507811864,
    -1.1430202451876055,
    -1.324312848051389,
    -1.2173158624768257,
    -1.1939301692446074,
    -1.3189830476045608,
    -1.3334230436881382
  ],
  "run2_values": [
    -1.248106033007304,
    -1.1988700925310454,
    -1.2129764380057653,
    -1.2549679507811864,
    -1.1430202451876055,
    -1.324312848051389,
    -1.2173158624768257,
    -1.1939301692446074,
    -1.3189830476045608,
    -1.3334230436881382
  ]
}