{
  "n_probes": 10,
  "pearson_r": 1.0,
  "max_abs_diff": 0.0,
  "passes_gate": true,
  "run1_values": [
    -1.2966453441977501,
    -1.2398574367165565,
    -1.1968217307080826,
    -1.322739349603653,
    -1.397390244603157,
    -1.3311319724718729,
    -1.2468789140383403,
    -1.2666863147417704,
    -1.3578086137771606,
    -1.3175242413083712
  ],
  "run2_values": [
    -1.2966453441977501,
    -1.2398574367165565,
    -1.1968217307080826,
    -1.322739349603653,
    -1.397390244603157,
    -1.3311319724718729,
    -1.2468789140383403,
    -1.2666863147417704,
    -1.3578086137771606,
    -1.3175242413083712
  ]
}