{
  "n_probes": 10,
  "pearson_r": 1.0,
  "max_abs_diff": 0.0,
  "passes_gate": true,
  "run1_values": [
    -1.2259899141391117,
    -1.1795790420969328,
    -1.1956854147464038,
    -1.2390965280930202,
    -1.0800630131177604,
    -1.3135610205928485,
    -1.2005277636647225,
    -1.216739415427049,
    -1.251497065971295,
    -1.33321899831295
  ],
  "run2_values": [
    -1.2259899141391117,
    -1.1795790420969328,
    -1.1956854147464038,
    -1.2390965280930202,
    -1.0800630131177604,
    -1.3135610205928485,
    -1.2005277636647225,
    -1.216739415427049,
    -1.251497065971295,
    -1.33321899831295
  ]
}