{
  "n_probes": 10,
  "pearson_r": 1.0,
  "max_abs_diff": 0.0,
  "passes_gate": true,
  "run1_values": [
    -1.2399556519587835,
    -1.1643219361702601,
    -1.2054431949804227,
    -1.2433540350198746,
    -1.108022823681434,
    -1.3142053373654683,
    -1.2015268497665723,
    -1.1964054190119107,
    -1.2760760818918546,
    -1.3150682068864505
  ],
  "run2_values": [
    -1.2399556519587835,
    -1.1643219361702601,
    -1.2054431949804227,
    -1.2433540350198746,
    -1.108022823681434,
    -1.3142053373654683,
    -1.2015268497665723,
    -1.1964054190119107,
    -1.2760760818918546,
    -1.3150682068864505
  ]
}