{
  "n_probes": 10,
  "pearson_r": 1.0,
  "max_abs_diff": 0.0,
  "passes_gate": true,
  "run1_values": [
    -1.1979903931419054,
    -1.2004408035675684,
    -1.18551745424668,
    -1.2663453722993532,
    -1.0505027470737696,
    -1.305061246752739,
    -1.2159588255981604,
    -1.1905740839242935,
    -1.2423063072562217,
    -1.3353571686148644
  ],
  "run2_values": [
    -1.1979903931419054,
    -1.2004408035675684,
    -1.18551745424668,
    -1.2663453722993532,
    -1.0505027470737696,
    -1.305061246752739,
    -1.2159588255981604,
    -1.1905740839242935,
    -1.2423063072562217,
    -1.3353571686148644
  ]
}