{
  "n_probes": 10,
  "pearson_r": 1.0,
  "max_abs_diff": 0.0,
  "passes_gate": true,
  "run1_values": [
    -1.2866049148639043,
    -1.2453378506501516,
    -1.2137347794572513,
    -1.3178581323226293,
    -1.3783619128664335,
    -1.342834898432096,
    -1.2763642499844232,
    -1.282791282335917,
    -1.3455541122953096,
    -1.3390322808424633
  ],
  "run2_values": [
    -1.2866049148639043,
    -1.2453378506501516,
    -1.2137347794572513,
    -1.3178581323226293,
    -1.3783619128664335,
    -1.342834898432096,
    -1.2763642499844232,
    -1.282791282335917,
    -1.3455541122953096,
    -1.3390322808424633
  ]
}