{
  "n_probes": 10,
  "pearson_r": 1.0,
  "max_abs_diff": 0.0,
  "passes_gate": true,
  "run1_values": [
    -1.1828285760680834,
    -1.1705780958135923,
    -1.188407665118575,
    -1.253525437215964,
    -1.0407818839636942,
    -1.3127307055393855,
    -1.2022007325291633,
    -1.1929355543355147,
    -1.239399465918541,
    -1.2940386518339315
  ],
  "run2_values": [
    -1.1828285760680834,
    -1.1705780958135923,
    -1.188407665118575,
    -1.253525437215964,
    -1.0407818839636942,
    -1.3127307055393855,
    -1.2022007325291633,
    -1.1929355543355147,
    -1.239399465918541,
    -1.2940386518339315
  ]
}