{
  "n_probes": 10,
  "pearson_r": 1.0,
  "max_abs_diff": 0.0,
  "passes_gate": true,
  "run1_values": [
    -1.3027401935060818,
    -1.236011809607347,
    -1.217374604443709,
    -1.3105773379405339,
    -1.3791186859210331,
    -1.3357782765229542,
    -1.2430321645736695,
    -1.2932841020822525,
    -1.368094121813774,
    -1.3405150630449256
  ],
  "run2_values": [
    -1.3027401935060818,
    -1.236011809607347,
    -1.217374604443709,
    -1.3105773379405339,
    -1.3791186859210331,
    -1.3357782765229542,
    -1.2430321645736695,
    -1.2932841020822525,
    -1.368094121813774,
    -1.3405150630449256
  ]
}