{
  "n_probes": 10,
  "pearson_r": 1.0,
  "max_abs_diff": 0.0,
  "passes_gate": true,
  "run1_values": [
    -1.737424267133077,
    -1.8842538340886434,
    -1.8401649045944213,
    -1.5871821896235148,
    -1.7151793328921001,
    -1.7877879106998444,
    -1.7129667170842489,
    -1.7852806385358175,
    -1.8600356578826904,
    -1.722588833173116
  ],
  "run2_values": [
    -1.737424267133077,
    -1.8842538340886434,
    -1.8401649045944213,
    -1.5871821896235148,
    -1.7151793328921001,
    -1.7877879106998444,
    -1.7129667170842489,
    -1.7852806385358175,
    -1.8600356578826904,
    -1.722588833173116
  ]
}