{
  "n_probes": 10,
  "pearson_r": 1.0,
  "max_abs_diff": 0.0,
  "passes_gate": true,
  "run1_values": [
    -1.383122525413831,
    -1.2876193612813949,
    -1.3640546788771948,
    -1.3406817134221394,
    -1.378668255706628,
    -1.38182048757871,
    -1.288147003054619,
    -1.2921925441424051,
    -1.3746856315930684,
    -1.3861139437556267
  ],
  "run2_values": [
    -1.383122525413831,
    -1.2876193612813949,
    -1.3640546788771948,
    -1.3406817134221394,
    -1.378668255706628,
    -1.38182048757871,
    -1.288147003054619,
    -1.2921925441424051,
    -1.3746856315930684,
    -1.3861139437556267
  ]
}