{
  "n_probes": 10,
  "pearson_r": 1.0,
  "max_abs_diff": 0.0,
  "passes_gate": true,
  "run1_values": [
    -1.2888770580291748,
    -1.2720582898457844,
    -1.2970644489924112,
    -1.3179779831568401,
    -1.3570332034428914,
    -1.380257665316264,
    -1.2580988041559855,
    -1.2691936508814494,
    -1.3595217847824097,
    -1.3536753352483113
  ],
  "run2_values": [
    -1.2888770580291748,
    -1.2720582898457844,
    -1.2970644489924112,
    -1.3179779831568401,
    -1.3570332034428914,
    -1.380257665316264,
    -1.2580988041559855,
    -1.2691936508814494,
    -1.3595217847824097,
    -1.3536753352483113
  ]
}