{
  "n_probes": 10,
  "pearson_r": 1.0,
  "max_abs_diff": 0.0,
  "passes_gate": true,
  "run1_values": [
    -1.6013738934199016,
    -1.5144603220621744,
    -1.4988243722915648,
    -1.6354437748591104,
    -1.6603954617182415,
    -1.4978410371144613,
    -1.5645638847351073,
    -1.602163340250651,
    -1.5410953601201376,
    -1.5991913080215454
  ],
  "run2_values": [
    -1.6013738934199016,
    -1.5144603220621744,
    -1.4988243722915648,
    -1.6354437748591104,
    -1.6603954617182415,
    -1.4978410371144613,
    -1.5645638847351073,
    -1.602163340250651,
    -1.5410953601201376,
    -1.5991913080215454
  ]
}