{
  "n_probes": 10,
  "pearson_r": 1.0,
  "max_abs_diff": 0.0,
  "passes_gate": true,
  "run1_values": [
    -1.2987133169174194,
    -1.2760463349024456,
    -1.2817355410257976,
    -1.3424913040796915,
    -1.3571639633178711,
    -1.3588530731201172,
    -1.2438093996047974,
    -1.269722990989685,
    -1.396094767252604,
    -1.335602928797404
  ],
  "run2_values": [
    -1.2987133169174194,
    -1.2760463349024456,
    -1.2817355410257976,
    -1.3424913040796915,
    -1.3571639633178711,
    -1.3588530731201172,
    -1.2438093996047974,
    -1.269722990989685,
    -1.396094767252604,
    -1.335602928797404
  ]
}