{
  "n_probes": 10,
  "pearson_r": 1.0,
  "max_abs_diff": 0.0,
  "passes_gate": true,
  "run1_values": [
    -1.314063156247139,
    -1.2378824174404144,
    -1.2878139623254539,
    -1.3268566027780373,
    -1.273368860160311,
    -1.350825417439143,
    -1.247898505528768,
    -1.2375903714696566,
    -1.3712743220726649,
    -1.3432153143485388
  ],
  "run2_values": [
    -1.314063156247139,
    -1.2378824174404144,
    -1.2878139623254539,
    -1.3268566027780373,
    -1.273368860160311,
    -1.350825417439143,
    -1.247898505528768,
    -1.2375903714696566,
    -1.3712743220726649,
    -1.3432153143485388
  ]
}