{
  "n_probes": 10,
  "pearson_r": 1.0,
  "max_abs_diff": 0.0,
  "passes_gate": true,
  "run1_values": [
    -1.3296189601222674,
    -1.2461120611429215,
    -1.3205172321200371,
    -1.3564162309964498,
    -1.3331444479028385,
    -1.360227685968081,
    -1.275924358467261,
    -1.264438114662965,
    -1.3578283542394638,
    -1.3541099832455317
  ],
  "run2_values": [
    -1.3296189601222674,
    -1.2461120611429215,
    -1.3205172321200371,
    -1.3564162309964498,
    -1.3331444479028385,
    -1.360227685968081,
    -1.275924358467261,
    -1.264438114662965,
    -1.3578283542394638,
    -1.3541099832455317
  ]
}