{
  "n_probes": 10,
  "pearson_r": 1.0,
  "max_abs_diff": 0.0,
  "passes_gate": true,
  "run1_values": [
    -1.3183246453603108,
    -1.2420135871569316,
    -1.3197337497770787,
    -1.326627402305603,
    -1.3099222328700124,
    -1.359669630130132,
    -1.2581195069849491,
    -1.2666563300291698,
    -1.3582672760883967,
    -1.3543201446533204
  ],
  "run2_values": [
    -1.3183246453603108,
    -1.2420135871569316,
    -1.3197337497770787,
    -1.326627402305603,
    -1.3099222328700124,
    -1.359669630130132,
    -1.2581195069849491,
    -1.2666563300291698,
    -1.3582672760883967,
    -1.3543201446533204
  ]
}