{
  "n_probes": 10,
  "pearson_r": 1.0,
  "max_abs_diff": 0.0,
  "passes_gate": true,
  "run1_values": [
    -1.5454916197542723,
    -1.538407529219985,
    -1.5213450898292165,
    -1.5310685702001987,
    -1.6059683929762105,
    -1.6169040778585866,
    -1.4942956038129827,
    -1.5702776390810806,
    -1.6162675632039707,
    -1.6158502040803433
  ],
  "run2_values": [
    -1.5454916197542723,
    -1.538407529219985,
    -1.5213450898292165,
    -1.5310685702001987,
    -1.6059683929762105,
    -1.6169040778585866,
    -1.4942956038129827,
    -1.5702776390810806,
    -1.6162675632039707,
    -1.6158502040803433
  ]
}