{
  "n_probes": 10,
  "pearson_r": 1.0,
  "max_abs_diff": 0.0,
  "passes_gate": true,
  "run1_values": [
    -1.3060355615615844,
    -1.2317277480165163,
    -1.2907124808306496,
    -1.3101552021503449,
    -1.2287372142573199,
    -1.3483425447841486,
    -1.2378546159466108,
    -1.2438479429483413,
    -1.368868075410525,
    -1.3471823439002037
  ],
  "run2_values": [
    -1.3060355615615844,
    -1.2317277480165163,
    -1.2907124808306496,
    -1.3101552021503449,
    -1.2287372142573199,
    -1.3483425447841486,
    -1.2378546159466108,
    -1.2438479429483413,
    -1.368868075410525,
    -1.3471823439002037
  ]
}