{
  "n_probes": 10,
  "pearson_r": 1.0,
  "max_abs_diff": 0.0,
  "passes_gate": true,
  "run1_values": [
    -1.315027008454005,
    -1.2389228584865728,
    -1.3014977245529493,
    -1.324957831799984,
    -1.3488386074701946,
    -1.3631671037276585,
    -1.2676059935490291,
    -1.2433475110928218,
    -1.3621755186716715,
    -1.3630139114459356
  ],
  "run2_values": [
    -1.315027008454005,
    -1.2389228584865728,
    -1.3014977245529493,
    -1.324957831799984,
    -1.3488386074701946,
    -1.3631671037276585,
    -1.2676059935490291,
    -1.2433475110928218,
    -1.3621755186716715,
    -1.3630139114459356
  ]
}