{
  "n_probes": 10,
  "pearson_r": 1.0,
  "max_abs_diff": 0.0,
  "passes_gate": true,
  "run1_values": [
    -1.3052427185575168,
    -1.235930621723334,
    -1.2967972412208717,
    -1.3187467378377915,
    -1.2629625474164883,
    -1.3627910294135412,
    -1.261409957508246,
    -1.226286938637495,
    -1.342362535794576,
    -1.346577932635943
  ],
  "run2_values": [
    -1.3052427185575168,
    -1.235930621723334,
    -1.2967972412208717,
    -1.3187467378377915,
    -1.2629625474164883,
    -1.3627910294135412,
    -1.261409957508246,
    -1.226286938637495,
    -1.342362535794576,
    -1.346577932635943
  ]
}