{
  "n_probes": 10,
  "pearson_r": 1.0,
  "max_abs_diff": 0.0,
  "passes_gate": true,
  "run1_values": [
    -1.3060567406813304,
    -1.2385518204172452,
    -1.3080559455355008,
    -1.3127234848340352,
    -1.2365079702064394,
    -1.378450925052166,
    -1.248780132631461,
    -1.2609638811151187,
    -1.375044969667991,
    -1.3535804044206936
  ],
  "run2_values": [
    -1.3060567406813304,
    -1.2385518204172452,
    -1.3080559455355008,
    -1.3127234848340352,
    -1.2365079702064394,
    -1.378450925052166,
    -1.248780132631461,
    -1.2609638811151187,
    -1.375044969667991,
    -1.3535804044206936
  ]
}