{
  "n_probes": 10,
  "pearson_r": 1.0,
  "max_abs_diff": 0.0,
  "passes_gate": true,
  "run1_values": [
    -1.424809622367223,
    -1.3532545137405396,
    -1.3625276765724024,
    -1.3475689256191254,
    -1.5429200823108356,
    -1.4563860209782917,
    -1.3615894669294357,
    -1.3072936121622722,
    -1.3959022174278894,
    -1.4054634805520376
  ],
  "run2_values": [
    -1.424809622367223,
    -1.3532545137405396,
    -1.3625276765724024,
    -1.3475689256191254,
    -1.5429200823108356,
    -1.4563860209782917,
    -1.3615894669294357,
    -1.3072936121622722,
    -1.3959022174278894,
    -1.4054634805520376
  ]
}