{
  "n_probes": 10,
  "pearson_r": 1.0,
  "max_abs_diff": 0.0,
  "passes_gate": true,
  "run1_values": [
    -1.4129004355271657,
    -1.344532527923584,
    -1.4074137198925019,
    -1.4541834716002147,
    -1.372687011361122,
    -1.4549636751413346,
    -1.4328759862979252,
    -1.3801173281669616,
    -1.4053852955500286,
    -1.4317541869481405
  ],
  "run2_values": [
    -1.4129004355271657,
    -1.344532527923584,
    -1.4074137198925019,
    -1.4541834716002147,
    -1.372687011361122,
    -1.4549636751413346,
    -1.4328759862979252,
    -1.3801173281669616,
    -1.4053852955500286,
    -1.4317541869481405
  ]
}