{
  "n_probes": 10,
  "pearson_r": 1.0,
  "max_abs_diff": 0.0,
  "passes_gate": true,
  "run1_values": [
    -1.5330836512645085,
    -1.3174168346325557,
    -1.37786450629433,
    -1.5324392293890317,
    -1.3898364279667537,
    -1.4567140777905783,
    -1.4429562577605248,
    -1.424785119642814,
    -1.381879403392474,
    -1.8404798741141954
  ],
  "run2_values": [
    -1.5330836512645085,
    -1.3174168346325557,
    -1.37786450629433,
    -1.5324392293890317,
    -1.3898364279667537,
    -1.4567140777905783,
    -1.4429562577605248,
    -1.424785119642814,
    -1.381879403392474,
    -1.8404798741141954
  ]
}