{
  "n_probes": 10,
  "pearson_r": 1.0,
  "max_abs_diff": 0.0,
  "passes_gate": true,
  "run1_values": [
    -1.3196100703875224,
    -1.273106515010198,
    -1.2550166958570481,
    -1.3159307646751404,
    -1.3873494074741999,
    -1.3371410010258358,
    -1.2895704404513042,
    -1.3204937609036764,
    -1.3410106668869655,
    -1.3433224270741144
  ],
  "run2_values": [
    -1.3196100703875224,
    -1.273106515010198,
    -1.2550166958570481,
    -1.3159307646751404,
    -1.3873494074741999,
    -1.3371410010258358,
    -1.2895704404513042,
    -1.3204937609036764,
    -1.3410106668869655,
    -1.3433224270741144
  ]
}