{
  "n_probes": 10,
  "pearson_r": 1.0,
  "max_abs_diff": 0.0,
  "passes_gate": true,
  "run1_values": [
    -1.3300118017196656,
    -1.1784766566753389,
    -1.2160439773400624,
    -1.2845239770412444,
    -1.1124988321152827,
    -1.3734649085998536,
    -1.208189621369044,
    -1.1429397749900818,
    -1.2688883821169534,
    -1.3534491753578186
  ],
  "run2_values": [
    -1.3300118017196656,
    -1.1784766566753389,
    -1.2160439773400624,
    -1.2845239770412444,
    -1.1124988321152827,
    -1.3734649085998536,
    -1.208189621369044,
    -1.1429397749900818,
    -1.2688883821169534,
    -1.3534491753578186
  ]
}