{
  "n_probes": 10,
  "pearson_r": 1.0,
  "max_abs_diff": 0.0,
  "passes_gate": true,
  "run1_values": [
    -1.6348326094945271,
    -1.7858223597208658,
    -1.4996749019622804,
    -1.5715123335520427,
    -1.6785551881790162,
    -1.5268256982167563,
    -1.7756141265233358,
    -1.887684227625529,
    -1.7074937963485717,
    -1.6283557709058125
  ],
  "run2_values": [
    -1.6348326094945271,
    -1.7858223597208658,
    -1.4996749019622804,
    -1.5715123335520427,
    -1.6785551881790162,
    -1.5268256982167563,
    -1.7756141265233358,
    -1.887684227625529,
    -1.7074937963485717,
    -1.6283557709058125
  ]
}