{
  "n_probes": 10,
  "pearson_r": 1.0,
  "max_abs_diff": 0.0,
  "passes_gate": true,
  "run1_values": [
    -1.4074887291590372,
    -1.4493678855895995,
    -1.445198400815328,
    -1.4624986282984416,
    -1.517912238438924,
    -1.4196818749109903,
    -1.544763725598653,
    -1.3819921000798543,
    -1.5674991623560588,
    -1.482174933751424
  ],
  "run2_values": [
    -1.4074887291590372,
    -1.4493678855895995,
    -1.445198400815328,
    -1.4624986282984416,
    -1.517912238438924,
    -1.4196818749109903,
    -1.544763725598653,
    -1.3819921000798543,
    -1.5674991623560588,
    -1.482174933751424
  ]
}