{
  "n_probes": 10,
  "pearson_r": 1.0,
  "max_abs_diff": 0.0,
  "passes_gate": true,
  "run1_values": [
    -1.4822581211725872,
    -1.5403189233938852,
    -1.461749407450358,
    -1.4194382309913636,
    -1.4720004900296528,
    -1.4658845337231954,
    -1.4037222107251486,
    -1.5083020981152853,
    -1.6512313731511434,
    -1.5195856698354084
  ],
  "run2_values": [
    -1.4822581211725872,
    -1.5403189233938852,
    -1.461749407450358,
    -1.4194382309913636,
    -1.4720004900296528,
    -1.4658845337231954,
    -1.4037222107251486,
    -1.5083020981152853,
    -1.6512313731511434,
    -1.5195856698354084
  ]
}