{
  "n_probes": 10,
  "pearson_r": 1.0,
  "max_abs_diff": 0.0,
  "passes_gate": true,
  "run1_values": [
    -1.557544763882955,
    -1.5617622089385987,
    -1.4918840090433756,
    -1.4895898771286011,
    -1.5599517234166462,
    -1.452720561027527,
    -1.60689355691274,
    -1.6174164644877116,
    -1.6222448126475015,
    -1.5107134588559468
  ],
  "run2_values": [
    -1.557544763882955,
    -1.5617622089385987,
    -1.4918840090433756,
    -1.4895898771286011,
    -1.5599517234166462,
    -1.452720561027527,
    -1.60689355691274,
    -1.6174164644877116,
    -1.6222448126475015,
    -1.5107134588559468
  ]
}