{
  "n_probes": 10,
  "pearson_r": 1.0,
  "max_abs_diff": 0.0,
  "passes_gate": true,
  "run1_values": [
    -1.3910618050893149,
    -1.4256997537612914,
    -1.393451010386149,
    -1.4036377477645874,
    -1.4191386485099793,
    -1.4259144465128581,
    -1.2557734894752501,
    -1.3288908219337463,
    -1.4818769470850626,
    -1.430037140051524
  ],
  "run2_values": [
    -1.3910618050893149,
    -1.4256997537612914,
    -1.393451010386149,
    -1.4036377477645874,
    -1.4191386485099793,
    -1.4259144465128581,
    -1.2557734894752501,
    -1.3288908219337463,
    -1.4818769470850626,
    -1.430037140051524
  ]
}