{
  "n_probes": 10,
  "pearson_r": 1.0,
  "max_abs_diff": 0.0,
  "passes_gate": true,
  "run1_values": [
    -1.4229821713765463,
    -1.4143701712290446,
    -1.4076367870966593,
    -1.3799798838297526,
    -1.4330818263689677,
    -1.448219656944275,
    -1.3797552943229676,
    -1.4249769147237141,
    -1.4742717520395914,
    -1.4768175649642945
  ],
  "run2_values": [
    -1.4229821713765463,
    -1.4143701712290446,
    -1.4076367870966593,
    -1.3799798838297526,
    -1.4330818263689677,
    -1.448219656944275,
    -1.3797552943229676,
    -1.4249769147237141,
    -1.4742717520395914,
    -1.4768175649642945
  ]
}