{
  "n_probes": 10,
  "pearson_r": 1.0,
  "max_abs_diff": 0.0,
  "passes_gate": true,
  "run1_values": [
    -1.2937971917788187,
    -1.2327039051055908,
    -1.311028521855672,
    -1.3197476482391357,
    -1.200126267125209,
    -1.3392068362236023,
    -1.2044167105356853,
    -1.233821177482605,
    -1.381013491153717,
    -1.3541947746276854
  ],
  "run2_values": [
    -1.2937971917788187,
    -1.2327039051055908,
    -1.311028521855672,
    -1.3197476482391357,
    -1.200126267125209,
    -1.3392068362236023,
    -1.2044167105356853,
    -1.233821177482605,
    -1.381013491153717,
    -1.3541947746276854
  ]
}