{
  "n_probes": 10,
  "pearson_r": 1.0,
  "max_abs_diff": 0.0,
  "passes_gate": true,
  "run1_values": [
    -6.682444397608439,
    -6.121887690226237,
    -6.627260325749715,
    -6.6775097719828285,
    -7.041402486165365,
    -5.9371681404113765,
    -6.987169411977132,
    -5.970581698417663,
    -7.131305662790934,
    -5.804945894082388
  ],
  "run2_values": [
    -6.682444397608439,
    -6.121887690226237,
    -6.627260325749715,
    -6.6775097719828285,
    -7.041402486165365,
    -5.9371681404113765,
    -6.987169411977132,
    -5.970581698417663,
    -7.131305662790934,
    -5.804945894082388
  ]
}