{
  "n_probes": 10,
  "pearson_r": 1.0,
  "max_abs_diff": 0.0,
  "passes_gate": true,
  "run1_values": [
    -1.3924192770322164,
    -1.3682713754971823,
    -1.3787720902760823,
    -1.3443963543574016,
    -1.4217002216974894,
    -1.4238457902272543,
    -1.3017980074882507,
    -1.4319420011838278,
    -1.4967519275347392,
    -1.423593111038208
  ],
  "run2_values": [
    -1.3924192770322164,
    -1.3682713754971823,
    -1.3787720902760823,
    -1.3443963543574016,
    -1.4217002216974894,
    -1.4238457902272543,
    -1.3017980074882507,
    -1.4319420011838278,
    -1.4967519275347392,
    -1.423593111038208
  ]
}