{
  "n_probes": 10,
  "pearson_r": 1.0,
  "max_abs_diff": 0.0,
  "passes_gate": true,
  "run1_values": [
    -1.4443097670873006,
    -1.4129269433021545,
    -1.4442794402440389,
    -1.4008341677983602,
    -1.4860148509343465,
    -1.476604348818461,
    -1.3413896870613098,
    -1.3976982021331787,
    -1.475805277824402,
    -1.4920943291982014
  ],
  "run2_values": [
    -1.4443097670873006,
    -1.4129269433021545,
    -1.4442794402440389,
    -1.4008341677983602,
    -1.4860148509343465,
    -1.476604348818461,
    -1.3413896870613098,
    -1.3976982021331787,
    -1.475805277824402,
    -1.4920943291982014
  ]
}