{
  "n_probes": 10,
  "pearson_r": 1.0,
  "max_abs_diff": 0.0,
  "passes_gate": true,
  "run1_values": [
    -1.772423436641693,
    -1.5667406515280407,
    -1.6712080677350363,
    -1.5325571568806966,
    -1.706121682325999,
    -1.7903088760375976,
    -1.5046645033359527,
    -1.477929366827011,
    -1.7743870687484742,
    -1.833690443833669
  ],
  "run2_values": [
    -1.772423436641693,
    -1.5667406515280407,
    -1.6712080677350363,
    -1.5325571568806966,
    -1.706121682325999,
    -1.7903088760375976,
    -1.5046645033359527,
    -1.477929366827011,
    -1.7743870687484742,
    -1.833690443833669
  ]
}