{
  "n_probes": 10,
  "pearson_r": 1.0,
  "max_abs_diff": 0.0,
  "passes_gate": true,
  "run1_values": [
    -1.4427250623703003,
    -1.4654480568567911,
    -1.3905220127105713,
    -1.365819517771403,
    -1.480732849438985,
    -1.4752115201950073,
    -1.3925409404436748,
    -1.389610976378123,
    -1.4732947587966918,
    -1.4801523526509603
  ],
  "run2_values": [
    -1.4427250623703003,
    -1.4654480568567911,
    -1.3905220127105713,
    -1.365819517771403,
    -1.480732849438985,
    -1.4752115201950073,
    -1.3925409404436748,
    -1.389610976378123,
    -1.4732947587966918,
    -1.4801523526509603
  ]
}