{
  "n_probes": 10,
  "pearson_r": 1.0,
  "max_abs_diff": 0.0,
  "passes_gate": true,
  "run1_values": [
    -1.37398650487264,
    -1.4178489891688029,
    -1.4080705451965332,
    -1.465761022567749,
    -1.465402414004008,
    -1.483090705871582,
    -1.2847199153900146,
    -1.4654003683725993,
    -1.4749691073099773,
    -1.6178128306070965
  ],
  "run2_values": [
    -1.37398650487264,
    -1.4178489891688029,
    -1.4080705451965332,
    -1.465761022567749,
    -1.465402414004008,
    -1.483090705871582,
    -1.2847199153900146,
    -1.4654003683725993,
    -1.4749691073099773,
    -1.6178128306070965
  ]
}