{
  "n_probes": 10,
  "pearson_r": 1.0,
  "max_abs_diff": 0.0,
  "passes_gate": true,
  "run1_values": [
    -1.2885049947102865,
    -1.260407310326894,
    -1.3118234157562256,
    -1.3059986074765524,
    -1.227916638950507,
    -1.3508185450236003,
    -1.2329855728149415,
    -1.2574366346995036,
    -1.3664083472887676,
    -1.356948628425598
  ],
  "run2_values": [
    -1.2885049947102865,
    -1.260407310326894,
    -1.3118234157562256,
    -1.3059986074765524,
    -1.227916638950507,
    -1.3508185450236003,
    -1.2329855728149415,
    -1.2574366346995036,
    -1.3664083472887676,
    -1.356948628425598
  ]
}