{
  "n_probes": 10,
  "pearson_r": 1.0,
  "max_abs_diff": 0.0,
  "passes_gate": true,
  "run1_values": [
    -1.4588723278045654,
    -1.6671402581532797,
    -1.6964587632815042,
    -1.6054497639338174,
    -1.5868286085128784,
    -1.5567222046852112,
    -1.5553286949793497,
    -1.5948510917027792,
    -1.675766954421997,
    -1.6355180581410727
  ],
  "run2_values": [
    -1.4588723278045654,
    -1.6671402581532797,
    -1.6964587632815042,
    -1.6054497639338174,
    -1.5868286085128784,
    -1.5567222046852112,
    -1.5553286949793497,
    -1.5948510917027792,
    -1.675766954421997,
    -1.6355180581410727
  ]
}