{
  "n_probes": 10,
  "pearson_r": 1.0,
  "max_abs_diff": 0.0,
  "passes_gate": true,
  "run1_values": [
    -1.4707630840937296,
    -1.6322471539179484,
    -1.3790054527918498,
    -1.504420077006022,
    -1.5438625971476236,
    -1.4195497433344524,
    -1.5835817925135294,
    -1.6115577348073324,
    -1.5448273197809854,
    -1.4722195275624592
  ],
  "run2_values": [
    -1.4707630840937296,
    -1.6322471539179484,
    -1.3790054527918498,
    -1.504420077006022,
    -1.5438625971476236,
    -1.4195497433344524,
    -1.5835817925135294,
    -1.6115577348073324,
    -1.5448273197809854,
    -1.4722195275624592
  ]
}