{
  "n_probes": 10,
  "pearson_r": 1.0,
  "max_abs_diff": 0.0,
  "passes_gate": true,
  "run1_values": [
    -1.5645982591311136,
    -1.7688566827774048,
    -1.4963638424873351,
    -1.587443737188975,
    -1.7374929022789,
    -1.5807150284449258,
    -1.698719539642334,
    -1.7645257099469502,
    -1.6754423666000366,
    -1.579605170885722
  ],
  "run2_values": [
    -1.5645982591311136,
    -1.7688566827774048,
    -1.4963638424873351,
    -1.587443737188975,
    -1.7374929022789,
    -1.5807150284449258,
    -1.698719539642334,
    -1.7645257099469502,
    -1.6754423666000366,
    -1.579605170885722
  ]
}