{
  "n_probes": 10,
  "pearson_r": 1.0,
  "max_abs_diff": 0.0,
  "passes_gate": true,
  "run1_values": [
    -1.3555492289861044,
    -1.345574394861857,
    -1.3454576063156127,
    -1.3215269621213277,
    -1.397740454673767,
    -1.3873305575052897,
    -1.2746116169293722,
    -1.3280741079648335,
    -1.456131854057312,
    -1.3739268747965494
  ],
  "run2_values": [
    -1.3555492289861044,
    -1.345574394861857,
    -1.3454576063156127,
    -1.3215269621213277,
    -1.397740454673767,
    -1.3873305575052897,
    -1.2746116169293722,
    -1.3280741079648335,
    -1.456131854057312,
    -1.3739268747965494
  ]
}