{
  "n_probes": 10,
  "pearson_r": 1.0,
  "max_abs_diff": 0.0,
  "passes_gate": true,
  "run1_values": [
    -1.4356858285268148,
    -1.3963342237472534,
    -1.416121342976888,
    -1.3883994325002034,
    -1.4602720753351848,
    -1.4422360897064208,
    -1.3382317503293355,
    -1.4392532340685527,
    -1.5194482580820718,
    -1.467798229853312
  ],
  "run2_values": [
    -1.4356858285268148,
    -1.3963342237472534,
    -1.416121342976888,
    -1.3883994325002034,
    -1.4602720753351848,
    -1.4422360897064208,
    -1.3382317503293355,
    -1.4392532340685527,
    -1.5194482580820718,
    -1.467798229853312
  ]
}