{
  "n_probes": 10,
  "pearson_r": 1.0,
  "max_abs_diff": 0.0,
  "passes_gate": true,
  "run1_values": [
    -1.3268327101071675,
    -1.2963657585779826,
    -1.439126025835673,
    -1.3636199959119162,
    -1.3337915794054667,
    -1.4130228686332702,
    -1.2413443024953206,
    -1.2641569821039835,
    -1.4957715845108033,
    -1.4565559848149618
  ],
  "run2_values": [
    -1.3268327101071675,
    -1.2963657585779826,
    -1.439126025835673,
    -1.3636199959119162,
    -1.3337915794054667,
    -1.4130228686332702,
    -1.2413443024953206,
    -1.2641569821039835,
    -1.4957715845108033,
    -1.4565559848149618
  ]
}