{
  "n_probes": 10,
  "pearson_r": 1.0,
  "max_abs_diff": 0.0,
  "passes_gate": true,
  "run1_values": [
    -1.3991571458180745,
    -1.32266486008962,
    -1.4052243328094483,
    -1.4191035405794779,
    -1.4139255817731222,
    -1.444056542714437,
    -1.2709616279602052,
    -1.3824890478452048,
    -1.498808577855428,
    -1.5096373049418133
  ],
  "run2_values": [
    -1.3991571458180745,
    -1.32266486008962,
    -1.4052243328094483,
    -1.4191035405794779,
    -1.4139255817731222,
    -1.444056542714437,
    -1.2709616279602052,
    -1.3824890478452048,
    -1.498808577855428,
    -1.5096373049418133
  ]
}