{
  "n_probes": 10,
  "pearson_r": 1.0,
  "max_abs_diff": 0.0,
  "passes_gate": true,
  "run1_values": [
    -1.3405263303716977,
    -1.2843953744570413,
    -1.3451942805449169,
    -1.3339530279239018,
    -1.3769893566767375,
    -1.3772059267262617,
    -1.252181996802489,
    -1.2746500114599864,
    -1.372229881087939,
    -1.383724988301595
  ],
  "run2_values": [
    -1.3405263303716977,
    -1.2843953744570413,
    -1.3451942805449169,
    -1.3339530279239018,
    -1.3769893566767375,
    -1.3772059267262617,
    -1.252181996802489,
    -1.2746500114599864,
    -1.372229881087939,
    -1.383724988301595
  ]
}