{
  "n_probes": 10,
  "pearson_r": 1.0,
  "max_abs_diff": 0.0,
  "passes_gate": true,
  "run1_values": [
    -1.4341129370530445,
    -1.5013221219182014,
    -1.3803511873881023,
    -1.4836930245161057,
    -1.4454540274043879,
    -1.466456227103869,
    -1.4322487545758487,
    -1.4357086173693339,
    -1.4705832607050737,
    -1.485307189275821
  ],
  "run2_values": [
    -1.4341129370530445,
    -1.5013221219182014,
    -1.3803511873881023,
    -1.4836930245161057,
    -1.4454540274043879,
    -1.466456227103869,
    -1.4322487545758487,
    -1.4357086173693339,
    -1.4705832607050737,
    -1.485307189275821
  ]
}