{
  "n_probes": 10,
  "pearson_r": 1.0,
  "max_abs_diff": 0.0,
  "passes_gate": true,
  "run1_values": [
    -0.3464627403026498,
    -0.27877333217296896,
    -0.3862077122080228,
    -0.26925253333504856,
    -0.1858767517304133,
    -0.3137858184234843,
    -0.35521707854944407,
    -0.4506605443462104,
    -0.31380022687008174,
    -0.4139419539411108
  ],
  "run2_values": [
    -0.3464627403026498,
    -0.27877333217296896,
    -0.3862077122080228,
    -0.26925253333504856,
    -0.1858767517304133,
    -0.3137858184234843,
    -0.35521707854944407,
    -0.4506605443462104,
    -0.31380022687008174,
    -0.4139419539411108
  ]
}