{
  "n_probes": 10,
  "pearson_r": 1.0,
  "max_abs_diff": 0.0,
  "passes_gate": true,
  "run1_values": [
    -1.6529210124118254,
    -1.3767547835409641,
    -1.4454224508007367,
    -1.398728285431862,
    -1.4977997235457103,
    -1.4721125101049741,
    -1.3784474277993044,
    -1.3464717687666417,
    -1.5033282324671746,
    -1.4528039234876633
  ],
  "run2_values": [
    -1.6529210124118254,
    -1.3767547835409641,
    -1.4454224508007367,
    -1.398728285431862,
    -1.4977997235457103,
    -1.4721125101049741,
    -1.3784474277993044,
    -1.3464717687666417,
    -1.5033282324671746,
    -1.4528039234876633
  ]
}