{
  "n_probes": 10,
  "pearson_r": 1.0,
  "max_abs_diff": 0.0,
  "passes_gate": true,
  "run1_values": [
    -0.3675215148622495,
    -0.31905957601279006,
    -0.38614999394316657,
    -0.3734136211368053,
    -0.20775606209394012,
    -0.35232115386393253,
    -0.39276190189655913,
    -0.48040595410888265,
    -0.3589455705312537,
    -0.3958758829982972
  ],
  "run2_values": [
    -0.3675215148622495,
    -0.31905957601279006,
    -0.38614999394316657,
    -0.3734136211368053,
    -0.20775606209394012,
    -0.35232115386393253,
    -0.39276190189655913,
    -0.48040595410888265,
    -0.3589455705312537,
    -0.3958758829982972
  ]
}