{
  "n_probes": 10,
  "pearson_r": 1.0,
  "max_abs_diff": 0.0,
  "passes_gate": true,
  "run1_values": [
    -0.4690356068914601,
    -1.1986123978098233,
    -1.207671505374213,
    -1.2884990834196408,
    -1.1555190589651465,
    -1.367673531373342,
    -0.6822850742737016,
    -1.0794654108180355,
    -1.3230906347930431,
    -1.2520593624810379
  ],
  "run2_values": [
    -0.4690356068914601,
    -1.1986123978098233,
    -1.207671505374213,
    -1.2884990834196408,
    -1.1555190589651465,
    -1.367673531373342,
    -0.6822850742737016,
    -1.0794654108180355,
    -1.3230906347930431,
    -1.2520593624810379
  ]
}