{
  "n_probes": 10,
  "pearson_r": 1.0,
  "max_abs_diff": 0.0,
  "passes_gate": true,
  "run1_values": [
    -2.0034275007247926,
    -2.360066375732422,
    -1.804758308728536,
    -2.253580732345581,
    -2.1423779646555583,
    -2.1382813183466594,
    -2.1480333518981936,
    -2.368454434076945,
    -2.2134122196833292,
    -2.1546816380818683
  ],
  "run2_values": [
    -2.0034275007247926,
    -2.360066375732422,
    -1.804758308728536,
    -2.253580732345581,
    -2.1423779646555583,
    -2.1382813183466594,
    -2.1480333518981936,
    -2.368454434076945,
    -2.2134122196833292,
    -2.1546816380818683
  ]
}