{
  "n_probes": 10,
  "pearson_r": 1.0,
  "max_abs_diff": 0.0,
  "passes_gate": true,
  "run1_values": [
    -1.3761500549316406,
    -1.3750477782885233,
    -1.4971797243754068,
    -1.4670326030254364,
    -1.5684670392672222,
    -1.4620615418752034,
    -1.4368547308444977,
    -1.3889760462443035,
    -1.5717657581965128,
    -1.3772605913877487
  ],
  "run2_values": [
    -1.3761500549316406,
    -1.3750477782885233,
    -1.4971797243754068,
    -1.4670326030254364,
    -1.5684670392672222,
    -1.4620615418752034,
    -1.4368547308444977,
    -1.3889760462443035,
    -1.5717657581965128,
    -1.3772605913877487
  ]
}